"","alicia","bat1","bat2","bat3","bat4","bat5","bat6","bat7","bella","betty","black-panther","c","captain-america","cat","cc","ccc","ccs","cd","cerce","cerceson","cindy","cs","csc","d","daredevil","dcd","dd","ddld","dr","ds","esther","eve","falcon","flapper","fran","gayle","gremlin","hera","hilga","houdini","hulk","irma","ivy","jenna-bat","jupiter","kelly","ldc","lds","lily","lilyson","lsd","lucy","lucyson","mabel","marce","mina","no-band","ola","opal","piper","queen","r","rc","rina","s","sam1","sam5","sam6","sam7","sc","scc","scs","sd","shania","sheldon","six","snow","son-of-ola","sonofzaria","speedster","spiderman","ss","sss","streblick","thecount","tiffany","vampirella","vampison","veronica","vixen","vlad","war-machine","winona","zaria","zelda"
"alicia",0,2,8,9,8,47,9,0,0,164,0,1,0,11,0,4,0,0,0,24,215,0,0,0,0,0,10,132,0,17,0,0,0,4,0,104,0,40,4,5,1,0,8,1,0,9,2,112,0,0,0,0,3,1,27,0,0,1,10,280,155,26,0,0,9,2,0,3,0,0,0,12,3,71,0,1,5,66,0,2,0,0,28,2,0,2,0,8,0,0,0,0,14,0,91
"bat1",0,135,5,4,3,0,0,4,0,6,0,0,0,0,0,0,0,0,0,2,20,0,1,0,0,0,4,19,0,0,0,0,0,1,0,0,0,3,1,0,0,0,0,0,0,0,2,7,0,0,0,0,5,0,1,0,0,0,0,9,7,1,0,0,1,0,0,0,0,0,0,6,0,0,0,1,0,1,0,1,0,0,1,2,0,0,0,1,0,0,0,0,0,0,0
"bat2",0,43,1403,10,3,8,1,2,0,1319,9,0,0,2,0,1,0,0,0,0,208,0,0,0,0,0,13,452,0,1,0,0,0,5,0,0,0,5,2,0,4,0,1,0,0,12,0,110,0,0,0,0,141,6,216,0,0,11,8,252,93,1,0,0,150,0,0,0,0,0,0,313,5,15,0,2,2,283,0,42,0,0,87,30,0,1,0,21,0,0,1,0,0,0,6
"bat3",0,78,18,1117,207,6,30,3,0,146,30,1,0,2,0,1,0,0,5,404,124,0,0,2,1,0,25,288,0,29,1,0,0,1,1,3,1,2,9,168,4,0,31,2,2,11,1,45,0,0,0,0,227,0,168,0,0,1,0,57,39,10,3,0,156,0,0,0,0,0,0,27,2,18,0,1,8,489,0,1,0,0,7,28,0,0,0,41,0,4,7,5,0,1,4
"bat4",0,237,13,219,1542,74,12,169,0,95,3,28,0,3,0,9,0,0,0,5,99,1,1,2,3,3,194,1080,0,3,0,0,0,10,0,100,0,7,48,121,13,0,48,12,0,15,2,208,0,0,0,4,350,0,130,1,0,12,0,998,91,33,14,0,358,1,0,2,0,0,0,18,29,102,0,7,16,647,0,1,0,1,11,76,0,0,0,18,0,0,4,21,3,0,12
"bat5",0,124,99,15,207,887,0,96,2,868,3,19,0,149,2,5,1,0,0,5,140,2,0,3,3,3,401,1700,2,0,0,0,0,98,4,345,0,166,123,9,11,0,534,1,0,80,3,619,0,0,0,27,56,1,55,0,0,61,68,3013,125,134,3,3,233,50,0,15,0,0,0,229,11,339,2,11,32,451,0,68,0,0,174,28,4,1,0,215,0,0,0,7,2,3,39
"bat6",0,3,6,152,53,18,169,1,0,151,15,5,0,5,0,4,0,0,0,260,101,1,0,3,0,0,8,176,0,18,0,0,0,1,0,51,0,20,12,9,2,0,5,7,6,1,1,139,0,0,0,0,2,0,18,0,0,6,2,102,39,34,5,0,56,4,0,0,0,0,0,70,7,33,0,0,1,184,0,3,0,0,4,1,0,2,0,6,0,1,0,0,2,0,36
"bat7",2,70,57,20,39,96,9,1302,0,237,1,44,0,43,0,3,0,0,0,11,284,0,0,3,0,3,48,757,0,20,0,0,0,19,0,267,0,10,65,9,3,0,56,1,0,4,1,46,1,0,0,0,183,0,48,2,0,55,0,801,158,42,0,1,210,15,0,0,0,0,0,141,9,15,0,5,28,258,0,4,0,0,57,37,0,0,0,122,0,2,0,1,4,0,1
"bella",0,5,20,3,13,14,0,1,3,107,4,2,0,2,0,4,0,0,0,9,61,0,0,0,0,0,20,282,0,2,0,0,0,42,0,3,0,2,6,6,0,0,2,0,4,25,0,34,1,0,0,1,15,0,29,0,0,0,1,100,281,1,0,1,14,0,0,0,0,0,0,13,6,87,0,1,0,62,0,18,0,1,4,30,0,4,0,14,0,0,0,0,5,0,1
"betty",0,257,241,16,28,734,17,47,0,72319,166,3,3,149,150,45,1,2,0,163,4787,0,1,106,10,3,897,3174,2,134,0,0,0,18,4,212,0,332,107,16,87,0,139,7,234,44,195,2995,0,11,0,0,302,483,373,3,3,557,187,782,1624,87,4,1,719,204,0,103,0,0,0,2319,52,238,1,5,51,840,0,8,0,202,695,19,0,9,2,287,2,33,0,14,4,0,92
"black-panther",0,6,20,103,50,13,10,0,0,1069,412,0,0,3,7,2,0,0,1,4,84,0,0,8,1,0,110,341,0,13,0,0,0,1,0,0,0,12,2,33,4,0,0,4,0,1,5,31,0,0,0,2,73,1,284,0,0,1,3,109,39,9,4,0,198,0,0,0,0,0,0,71,9,29,0,0,1,241,0,0,0,0,33,5,1,0,0,29,0,0,0,1,0,0,35
"c",0,83,6,7,180,20,1,22,0,221,2,161,0,0,0,2,0,0,0,0,474,4,0,9,1,1,345,113,0,9,0,0,0,0,2,491,0,14,24,36,15,0,4,5,0,6,34,123,0,0,0,0,91,1,12,0,0,4,0,628,91,866,26,1,216,0,0,0,0,0,0,5,113,73,0,0,6,43,0,0,0,0,11,28,3,0,0,2,0,1,2,9,28,0,9
"captain-america",0,21,2,3,3,0,2,10,0,208,5,0,4,0,2,1,0,0,0,6,124,0,0,0,0,0,9,39,0,5,0,0,0,0,0,0,1,1,2,5,3,0,0,0,0,0,0,0,0,1,0,0,43,2,18,1,0,0,0,4,22,3,0,0,58,0,0,0,0,0,0,3,0,1,0,0,1,19,0,0,0,0,0,0,0,0,0,15,0,0,0,3,0,0,5
"cat",0,11,11,8,11,211,35,30,0,963,1,1,0,217,0,15,0,0,0,421,66,0,0,2,0,0,188,1646,1,26,0,0,0,35,0,24,0,353,47,1,4,0,20,1,3,8,5,466,0,0,0,0,18,2,17,3,0,87,32,419,82,7,1,0,38,8,0,9,0,0,0,105,95,136,0,3,28,300,0,35,0,5,68,13,0,1,0,136,0,0,0,5,0,0,43
"cc",0,4,1,9,0,5,3,0,0,1281,85,0,1,0,65,36,0,0,0,8,19,0,0,5,1,0,16,263,0,3,0,0,0,1,0,0,0,226,0,1,6,0,0,0,5,0,0,22,0,0,0,0,74,2,189,2,0,1,15,4,10,0,0,0,18,0,0,0,0,0,0,86,32,39,0,0,0,129,0,0,0,0,16,2,1,0,0,39,0,0,0,1,0,0,8
"ccc",0,4,31,6,2,1,0,3,0,502,3,1,0,3,6,428,0,0,0,2,58,0,0,0,0,0,36,331,0,8,0,0,0,2,0,1,0,179,2,4,0,0,0,0,0,0,3,257,0,2,0,0,26,1,61,10,0,90,1,3,6,14,0,0,88,0,0,0,0,0,0,6,83,4,0,26,1,227,0,1,0,0,7,5,0,0,0,15,0,0,0,0,1,0,0
"ccs",0,7,65,10,13,35,3,8,0,2040,60,5,0,15,2,20,3,0,0,0,152,0,0,6,1,0,109,730,2,4,1,0,0,2,2,17,0,60,34,10,2,0,5,0,5,1,18,205,0,1,0,0,66,5,54,2,0,27,5,155,21,68,0,0,926,4,0,3,0,0,0,208,37,15,0,3,6,359,0,0,0,0,73,2,2,0,0,100,0,1,0,0,0,0,18
"cd",0,4,1,1,0,1,6,0,0,24,3,0,0,0,0,2,0,0,0,0,4,1,0,0,0,0,2,3,0,3,0,0,0,0,0,1,0,13,1,0,0,0,0,0,0,0,0,3,0,0,0,0,2,0,1,0,0,2,0,1,0,0,0,0,5,0,0,0,0,0,0,10,2,0,0,0,0,25,0,0,0,0,3,0,0,0,0,0,0,0,0,0,0,0,0
"cerce",0,23,72,57,24,8,2,1,0,154,5,7,0,1,0,5,0,0,3,42,97,0,1,0,0,0,25,241,1,24,0,1,0,5,0,3,0,6,6,50,2,0,6,0,0,12,29,32,0,0,0,4,92,2,96,2,0,1,4,114,25,63,0,1,47,0,0,0,0,0,0,14,7,26,0,1,3,101,0,8,0,1,10,13,1,0,1,60,1,0,0,4,6,2,3
"cerceson",0,4,32,79,10,16,8,1,0,560,22,0,0,2,1,14,0,0,2,1773,276,0,1,0,0,0,32,622,0,21,2,0,0,11,0,1,0,51,4,11,7,1,15,0,3,32,7,21,1,7,0,2,26,15,216,6,0,1,31,43,392,6,0,0,9,0,0,0,0,0,0,14,2,61,0,5,10,256,0,16,0,8,10,15,0,5,0,368,0,1,0,1,5,0,12
"cindy",0,258,230,31,35,128,1,15,0,14105,23,20,9,61,1,27,2,0,7,100,22186,0,3,2,2,0,66,1644,0,132,0,0,0,15,11,2441,3,267,116,29,50,0,27,3,78,95,48,945,0,36,0,0,844,563,402,5,0,36,428,973,1702,586,2,0,1680,26,0,17,0,0,0,453,13,37,0,2,16,159,1,36,0,31,267,19,0,10,2,599,0,2,0,7,194,0,66
"cs",0,5,24,10,7,28,20,18,0,1011,8,18,0,19,11,17,0,0,0,2,149,17,0,4,0,0,22,285,0,13,2,0,0,0,0,169,0,125,22,13,2,0,7,22,5,1,54,221,0,0,0,0,24,0,48,2,0,16,1,126,28,324,2,0,123,1,0,0,0,0,0,59,39,25,0,1,3,128,0,3,0,1,21,2,0,0,0,36,0,1,0,0,0,0,92
"csc",0,1,0,1,0,0,0,1,0,36,0,1,0,2,0,9,0,0,0,7,54,0,13,0,0,0,8,132,0,20,0,0,0,1,0,16,0,7,4,0,3,0,1,0,0,2,1,13,0,0,0,0,2,1,0,4,0,0,4,21,8,4,0,0,1,0,0,1,0,0,0,0,8,19,0,0,2,9,0,2,0,10,4,8,0,0,0,10,0,0,0,0,8,0,1
"d",0,32,37,26,103,68,1,30,0,3304,9,15,1,10,2,40,0,0,3,1,795,0,1,47,12,4,1010,1253,0,23,0,0,0,4,31,90,0,51,53,80,25,0,9,11,2,16,24,427,0,3,0,0,275,367,128,3,0,45,152,431,119,169,2,0,478,1,0,4,0,0,0,14,199,67,0,10,29,376,0,1,0,40,31,14,1,0,0,45,0,0,2,11,51,0,38
"daredevil",0,0,0,0,18,1,0,0,0,11,0,0,0,0,0,0,0,0,0,0,11,0,0,1,7,0,70,22,0,1,0,0,0,0,0,0,0,0,1,2,3,0,0,0,0,0,0,3,0,0,0,0,1,0,1,0,0,0,0,12,2,0,1,0,19,0,0,0,0,0,0,0,5,8,0,0,1,12,0,0,0,0,2,0,0,0,0,0,0,0,0,1,0,0,1
"dcd",0,45,33,3,32,76,0,24,0,781,2,26,0,18,2,29,0,0,0,34,357,2,0,2,3,5,396,542,0,27,0,0,0,23,4,110,0,65,49,17,20,0,24,4,12,8,5,238,0,0,0,0,132,25,28,1,0,68,35,185,89,117,2,0,310,7,0,3,0,0,0,46,136,17,0,10,32,233,0,18,0,5,32,23,1,0,0,51,0,0,4,5,2,1,4
"dd",0,16,2,10,116,211,1,9,0,757,2,40,0,48,0,6,0,0,0,0,72,0,0,35,0,0,3821,1813,0,2,0,0,0,3,1,38,0,9,26,18,11,0,41,11,2,7,2,298,0,0,0,1,104,1,16,1,0,131,1,296,36,81,14,0,440,0,0,4,0,0,0,8,112,75,0,5,27,215,0,0,0,0,23,5,0,0,0,38,0,0,0,12,0,1,15
"ddld",0,431,797,154,105,327,0,164,0,7527,33,34,0,505,0,64,1,0,1,374,1478,0,4,45,1,4,808,24115,0,68,0,4,0,39,3,488,1,432,807,39,68,1,182,0,30,182,13,937,0,3,0,20,1397,56,551,51,0,167,87,2131,570,43,0,6,524,14,0,47,0,0,0,155,290,175,7,14,72,1778,0,54,0,59,852,220,0,1,0,1237,0,1,2,98,0,0,14
"dr",0,3,0,1,9,9,0,0,0,18,0,0,0,1,0,1,0,0,0,0,0,0,0,0,0,0,86,35,16,0,0,0,0,0,0,2,0,1,0,3,2,0,11,0,0,0,0,16,0,0,0,2,11,0,4,0,0,2,0,23,0,1,1,0,4,1,0,0,0,0,0,0,1,2,0,0,2,15,0,0,0,0,0,4,0,0,0,0,0,0,0,0,0,0,0
"ds",0,7,0,17,17,2,0,0,0,54,1,2,0,0,1,5,0,0,0,52,35,1,0,1,0,0,28,31,0,183,0,0,0,0,1,43,0,14,5,7,4,0,1,4,0,0,20,35,0,1,0,0,10,1,18,0,0,4,0,20,7,27,4,0,8,0,0,0,0,0,0,3,20,5,0,0,1,11,0,0,0,0,2,5,0,0,0,4,0,0,1,1,12,0,1
"esther",0,2,0,0,2,1,1,0,0,140,1,1,0,2,0,1,0,0,0,0,9,0,0,1,0,0,10,24,0,2,0,0,0,0,0,1,0,53,1,1,4,0,1,0,0,2,7,36,0,0,0,0,6,0,15,0,0,0,0,58,6,16,0,0,10,0,0,0,0,0,0,3,3,10,0,0,1,18,0,0,0,0,7,0,0,0,0,4,0,0,0,0,0,1,3
"eve",0,2,74,18,0,1,2,3,0,192,9,0,0,2,1,4,0,0,0,7,51,0,0,0,0,0,3,125,0,3,0,3,0,2,0,13,0,2,6,1,0,0,0,0,4,0,1,79,0,0,0,0,4,0,4,0,0,12,0,24,8,2,0,0,38,1,0,2,0,0,0,35,0,0,0,4,0,408,0,1,0,3,9,0,0,1,0,17,0,1,0,0,0,0,1
"falcon",0,0,3,0,3,19,0,0,0,149,4,0,0,2,1,1,0,0,0,0,6,0,0,1,0,0,47,261,0,0,0,0,0,0,0,0,0,31,0,3,4,0,0,0,0,0,2,64,0,0,0,0,11,2,5,1,0,2,0,98,5,1,0,0,12,0,0,0,0,0,0,8,74,44,0,0,5,23,0,0,0,1,8,8,0,0,0,5,0,0,0,0,0,1,8
"flapper",0,29,34,49,152,154,0,24,0,270,0,7,0,54,0,13,0,0,0,48,115,0,3,0,0,2,73,701,0,2,0,0,0,393,0,34,0,38,25,63,8,0,15,0,2,45,1,233,0,0,0,4,145,2,36,19,0,12,139,887,343,11,6,1,61,0,0,1,0,0,0,113,55,477,0,4,12,134,0,205,0,1,37,60,9,4,2,127,0,0,2,6,2,1,8
"fran",0,5,5,1,29,46,1,31,0,1969,0,26,0,1,0,1,0,0,0,4,401,1,0,7,0,1,76,121,0,1,0,0,0,0,168,587,0,26,48,2,6,1,10,1,1,2,139,370,0,0,0,0,8,438,7,0,0,65,148,530,103,450,2,0,290,8,0,4,0,0,0,68,0,12,0,5,0,141,0,1,0,53,24,0,0,0,0,25,0,1,0,1,17,0,128
"gayle",0,12,41,1,2,158,1,14,0,1159,0,13,0,77,1,0,2,0,0,3,1234,8,0,0,0,1,73,236,2,3,0,0,0,2,8,4444,0,16,87,3,4,0,69,0,10,17,40,305,0,1,0,1,4,4,6,0,0,91,29,546,227,796,0,0,237,52,0,27,0,0,0,113,2,8,0,1,11,26,0,9,0,0,120,3,0,7,0,59,0,11,0,0,75,0,20
"gremlin",0,23,11,2,4,14,0,7,0,438,2,0,0,3,0,11,0,0,0,1,109,0,0,0,0,0,20,279,1,0,0,0,0,5,0,0,2,14,2,5,4,0,2,0,1,12,0,8,0,1,0,0,29,5,75,3,0,1,31,72,161,1,1,0,32,0,0,0,0,0,0,7,15,8,0,1,1,23,0,0,0,0,25,12,0,0,0,23,0,0,0,0,0,1,1
"hera",0,18,8,14,4,55,8,40,0,4002,4,3,0,95,22,12,3,0,0,89,329,1,0,3,0,0,73,1354,1,68,0,1,0,7,1,24,0,5469,13,1,13,0,27,2,4,4,5,280,0,9,0,0,157,16,91,5,0,69,531,238,85,23,0,3,106,57,0,5,0,0,0,135,18,249,0,3,14,506,0,1,0,17,64,18,0,0,0,176,0,0,0,6,7,0,61
"hilga",0,166,30,21,19,215,1,61,0,1564,1,49,2,197,0,4,0,0,0,3,559,0,0,11,1,0,460,1655,4,63,0,0,0,6,22,1342,0,23,487,6,11,0,43,0,6,24,2,231,0,1,0,8,76,28,38,0,0,125,3,332,93,273,1,0,511,29,0,69,0,0,0,21,31,11,0,0,24,45,0,5,0,2,199,19,0,1,0,104,0,3,5,53,10,0,3
"houdini",0,14,0,123,12,3,3,10,0,1,0,12,0,0,0,0,0,0,0,3,53,0,1,1,0,0,10,84,0,5,0,0,0,2,0,0,0,1,6,237,2,0,8,0,0,8,2,1,0,0,0,0,13,0,6,6,0,0,0,18,24,9,0,0,12,0,0,0,0,0,0,0,4,3,1,0,3,8,0,0,0,0,0,18,0,0,0,17,0,0,0,17,0,0,3
"hulk",0,6,35,3,21,56,2,53,0,1310,3,25,0,0,1,22,0,0,3,0,465,1,1,5,1,1,80,395,0,6,0,0,0,2,0,51,0,72,47,91,148,0,9,6,1,5,18,83,0,0,0,0,31,32,71,0,0,3,10,635,62,57,2,0,188,0,0,4,0,0,0,11,16,115,0,0,5,62,0,0,0,1,13,3,0,1,0,14,0,0,3,10,0,0,7
"irma",0,0,0,0,0,1,0,0,0,17,0,0,0,1,0,0,0,0,0,0,8,0,0,0,0,0,0,34,0,2,0,0,0,0,0,18,0,0,1,0,0,2,1,0,0,1,0,2,0,0,0,0,0,0,0,0,0,0,12,12,24,3,0,0,3,0,0,0,0,0,0,0,0,63,0,0,0,0,0,0,0,0,1,1,0,0,0,0,0,0,0,0,7,0,3
"ivy",0,5,0,0,1,57,0,1,0,5,0,0,0,3,0,0,0,0,0,0,0,0,0,0,0,0,119,34,3,0,0,0,0,0,0,1,0,1,0,0,0,0,53,0,0,0,0,6,0,0,0,0,3,0,0,0,0,0,0,30,0,1,0,0,1,1,0,1,0,0,0,0,1,7,0,0,2,3,0,0,0,0,0,7,0,0,0,0,0,0,0,0,0,0,1
"jenna-bat",0,30,6,51,121,4,32,22,0,839,20,8,0,0,2,18,0,0,0,39,210,1,0,8,2,1,112,249,1,59,1,0,0,1,0,14,0,34,12,41,4,0,2,29,2,3,3,99,0,0,0,0,92,7,129,2,0,1,5,71,109,24,6,0,222,0,0,0,0,0,0,76,119,44,0,1,4,270,0,3,0,0,12,10,2,0,0,27,0,0,1,5,0,0,21
"jupiter",0,7,14,6,15,16,0,3,0,1104,7,0,0,4,1,1,0,0,0,14,97,0,0,0,0,0,21,181,0,0,0,0,0,0,0,0,0,21,1,1,0,0,6,0,109,18,0,9,0,0,0,0,14,8,26,0,0,3,1,26,209,0,0,0,15,0,0,1,0,0,0,137,0,9,0,1,2,145,0,0,0,1,23,0,0,1,0,100,0,0,0,0,0,0,2
"kelly",0,72,16,12,15,61,5,4,0,459,1,3,0,4,0,1,0,0,0,90,963,0,0,3,2,0,24,676,0,8,0,0,0,7,6,36,0,80,35,10,12,0,54,0,12,746,18,12,0,0,0,2,82,71,91,1,0,0,102,867,1755,14,0,0,54,0,0,0,0,0,0,18,0,233,0,2,5,34,0,7,0,3,58,28,0,10,0,93,0,4,0,7,8,1,22
"ldc",0,0,13,0,0,0,0,0,0,121,0,0,0,0,0,0,0,0,0,0,14,0,0,0,0,0,0,2,0,0,0,0,0,0,7,6,0,0,0,0,13,0,0,0,0,0,1079,13,0,0,0,0,0,9,0,0,0,1,2,29,0,7,0,0,2,0,0,2,0,0,0,79,0,0,0,0,0,0,0,0,0,0,0,0,0,0,0,0,0,0,0,0,0,0,0
"lds",0,48,73,25,40,212,10,12,0,4826,7,7,0,341,44,103,0,0,0,13,1236,7,9,25,6,0,286,4125,3,66,0,10,0,38,14,902,0,269,57,26,30,0,47,1,39,78,217,6469,0,1,0,0,179,60,153,15,0,491,107,837,205,876,3,0,285,78,0,29,0,0,0,177,143,213,10,12,11,1596,0,56,0,60,136,91,0,2,0,178,0,1,0,3,29,0,128
"lily",0,1,8,0,3,0,0,1,0,22,1,0,0,0,0,2,0,0,0,1,20,0,0,0,0,0,1,46,0,0,0,0,0,1,0,1,0,0,2,0,0,0,1,0,0,16,0,2,0,0,0,0,0,1,6,0,0,1,1,23,37,0,0,0,12,0,0,0,0,0,0,4,0,3,0,0,2,8,0,0,0,0,0,2,0,0,0,2,0,0,0,0,0,0,0
"lilyson",0,0,5,0,0,0,0,1,0,49,1,0,0,0,0,6,0,0,0,1,9,0,0,0,0,0,9,61,0,0,0,0,0,0,0,0,0,1,0,0,1,0,0,0,0,0,0,0,0,0,0,0,2,0,10,3,0,0,0,0,0,0,0,0,4,0,0,0,0,0,0,1,1,0,0,0,0,6,0,0,0,0,0,0,0,0,0,10,0,0,0,0,0,0,0
"lsd",0,13,47,10,1,8,2,1,0,897,7,0,0,40,0,10,1,0,0,9,243,0,0,0,0,0,14,507,0,4,0,0,0,0,3,4,0,12,5,4,6,0,2,1,9,5,19,201,0,0,0,0,25,0,19,0,0,63,2,29,20,9,0,0,152,7,0,7,0,0,0,64,3,1,0,3,3,224,0,2,0,2,75,1,0,0,0,72,0,0,0,1,0,0,0
"lucy",0,3,11,5,38,6,0,0,0,5,0,0,0,1,0,2,0,0,0,1,14,0,0,0,0,0,15,168,0,0,0,0,0,15,0,3,0,0,2,4,1,0,1,0,0,30,0,17,0,0,0,20,8,0,9,0,0,0,3,103,18,1,0,0,19,0,0,0,0,0,0,0,2,67,0,1,1,30,0,6,0,0,1,26,0,0,2,5,0,0,0,1,0,0,0
"lucyson",0,45,15,6,12,3,0,4,0,67,0,1,0,0,0,2,1,0,0,0,43,0,0,0,0,0,22,143,1,0,0,0,0,0,0,0,0,6,0,16,2,0,22,0,2,2,1,3,0,1,0,0,339,1,186,6,0,0,0,15,18,16,0,0,24,0,0,0,0,0,0,7,5,14,0,0,4,57,0,1,0,0,1,50,1,0,0,63,0,0,0,0,0,0,0
"mabel",0,143,11,6,2,55,5,24,0,4737,1,8,0,7,0,1,0,0,0,27,1545,0,0,3,2,0,108,104,1,17,0,0,0,7,13,301,0,40,25,9,10,0,37,1,13,10,94,100,0,1,0,0,87,1985,13,1,0,24,165,497,463,156,0,0,96,8,0,8,0,0,0,87,1,16,0,0,6,42,0,0,0,10,34,4,0,1,0,28,0,0,0,1,89,0,68
"marce",0,53,212,126,59,18,1,5,0,675,60,1,0,1,31,73,0,0,1,78,259,0,0,7,0,0,44,550,0,13,0,1,0,18,0,0,0,183,2,13,10,0,15,2,1,24,0,28,0,0,0,2,406,18,2561,13,0,2,52,211,146,4,1,0,76,0,0,0,0,0,0,82,36,126,0,3,2,748,0,25,1,5,62,70,1,0,2,50,0,0,3,0,0,2,3
"mina",0,0,1,0,0,0,0,0,0,1,0,0,0,0,0,2,0,0,0,0,8,0,0,0,0,0,0,33,0,0,0,0,0,0,0,0,0,2,0,0,0,0,0,0,0,0,0,0,0,0,0,0,18,0,5,16,0,0,0,0,0,0,0,0,1,0,0,0,0,0,0,1,2,2,0,0,0,2,0,0,0,0,0,17,0,0,0,7,0,0,0,0,0,0,0
"no-band",0,1,7,0,0,7,0,3,0,401,0,1,0,31,0,1,1,0,0,0,72,0,2,2,0,0,4,236,0,1,0,0,0,0,3,64,0,3,26,0,1,0,3,0,0,0,4,33,0,0,0,0,1,6,0,0,0,19,1,27,4,40,0,0,19,2,0,3,0,0,0,8,1,1,0,0,0,17,0,2,0,2,25,0,0,0,0,15,0,0,0,0,3,0,0
"ola",0,8,26,9,20,101,1,14,0,908,0,10,0,108,0,25,0,0,0,2,75,0,0,2,0,0,245,915,0,2,0,0,0,0,1,61,0,19,34,4,0,0,27,1,0,1,7,980,0,0,0,0,13,2,6,0,0,1095,0,130,3,258,1,0,132,102,0,14,0,0,0,67,5,0,0,95,3,1216,0,0,0,6,27,2,0,0,0,59,0,0,0,0,1,0,2
"opal",0,2,34,6,2,33,1,2,0,1566,8,1,0,29,0,0,0,0,0,6,445,0,0,0,0,0,2,298,0,7,0,0,0,23,2,92,0,110,7,0,1,1,2,0,2,39,8,115,0,0,0,0,20,149,62,1,0,0,3122,1138,1143,20,0,0,26,6,0,2,0,0,0,34,0,735,0,0,1,28,0,66,0,44,128,1,0,5,0,112,0,0,0,0,28,0,111
"piper",1,21,96,13,137,673,5,154,0,2097,7,40,0,19,0,0,0,0,0,3,193,1,0,0,0,4,275,668,0,7,0,1,0,57,6,1706,0,70,159,47,2,0,187,0,3,126,114,620,0,0,0,5,24,82,43,0,0,69,217,27888,682,1128,3,11,294,9,0,27,0,0,0,195,1,1096,0,4,17,365,0,34,0,1,188,8,0,0,1,64,0,0,0,0,36,0,594
"queen",0,380,91,4,5,65,2,16,0,3555,10,4,0,9,0,0,0,0,1,259,2503,0,3,0,0,0,30,1541,1,82,0,0,0,38,1,19,2,107,14,1,8,2,9,0,77,253,11,20,0,1,0,0,313,322,112,3,0,0,961,490,17281,1,0,0,44,0,0,1,0,0,0,31,1,435,1,0,3,13,0,62,0,21,60,21,1,75,0,470,0,0,0,0,71,0,47
"r",1,101,135,34,20,86,12,26,0,763,1,109,0,28,1,2,2,0,4,8,1748,8,0,5,0,0,89,577,0,152,0,1,0,3,32,1657,0,7,292,59,6,0,191,0,35,44,289,291,0,0,0,1,35,26,13,1,0,84,13,662,210,6395,4,0,909,15,0,17,0,0,0,119,5,12,0,1,10,71,0,12,0,11,45,12,0,4,0,93,0,8,0,4,77,0,77
"rc",0,2,0,1,78,21,1,2,0,38,0,2,0,1,0,3,0,0,0,0,28,0,0,11,0,0,248,138,1,2,0,0,0,1,0,26,0,3,3,4,3,0,4,0,0,0,0,123,0,0,0,2,10,0,11,1,0,9,2,74,7,2,8,0,24,3,0,0,0,0,0,7,42,31,0,0,1,45,0,2,0,0,7,12,0,0,0,1,0,0,1,0,7,0,3
"rina",0,3,4,4,7,37,1,2,0,11,0,0,0,9,0,0,0,0,0,32,54,0,0,0,0,0,16,50,0,3,0,0,0,4,2,48,0,36,0,2,1,0,5,0,4,0,4,6,0,0,0,0,2,4,2,0,0,2,14,233,60,5,0,24,5,0,0,0,0,0,0,4,7,304,0,0,6,0,0,3,0,2,1,7,0,1,0,3,0,0,0,0,13,0,8
"s",0,211,534,228,232,59,27,135,0,4115,126,130,1,6,1,15,3,0,3,8,1992,11,0,2,4,4,415,826,4,12,0,4,0,0,22,229,0,38,197,77,6,0,14,29,19,4,57,302,1,2,0,0,298,17,160,2,0,69,2,1075,63,848,20,0,6863,1,0,5,0,0,0,528,31,22,0,17,17,1316,0,2,0,3,112,24,0,0,0,84,0,1,1,13,13,1,94
"sam1",0,0,0,0,0,13,0,0,0,20,0,0,0,10,0,0,0,0,0,9,9,0,0,0,0,0,5,16,0,1,0,0,0,0,1,12,0,8,0,0,0,0,0,0,1,0,0,43,0,0,0,0,0,1,0,0,0,6,0,13,2,2,0,0,2,8,0,1,0,0,0,0,0,3,0,0,0,0,0,0,0,0,4,0,0,0,0,3,0,0,0,0,0,0,0
"sam5",0,0,1,0,4,10,0,0,0,82,0,1,0,8,1,1,0,0,0,0,3,0,0,1,0,0,6,69,0,0,0,0,0,0,0,6,0,1,3,0,0,0,0,0,0,1,0,46,0,0,0,0,0,0,0,0,0,4,2,15,5,4,0,0,2,0,0,4,0,0,0,1,7,17,0,0,1,2,0,1,0,0,1,1,0,0,0,5,0,0,0,0,0,0,2
"sam6",0,8,7,0,0,46,0,1,0,181,0,0,0,35,0,5,0,0,0,2,32,0,1,0,0,0,50,244,0,0,0,0,0,0,3,10,0,81,46,0,2,0,23,0,0,5,5,49,0,0,0,0,5,6,5,0,0,23,0,51,12,0,0,0,6,0,0,22,0,0,0,15,2,7,0,1,11,10,0,0,0,0,28,1,0,0,0,29,0,0,0,1,0,0,0
"sam7",0,0,3,0,0,0,0,0,0,96,0,0,0,0,0,1,0,0,0,3,25,0,0,0,0,0,0,20,0,0,0,0,0,0,0,8,0,3,0,0,0,0,0,0,0,0,0,1,0,0,0,0,0,0,1,0,0,0,0,6,5,0,0,0,5,0,0,0,0,0,0,1,1,0,0,0,0,1,0,0,0,0,6,0,0,0,0,8,0,0,0,0,0,0,0
"sc",0,30,7,20,26,18,6,1,0,127,1,5,1,1,0,10,0,0,1,18,154,2,0,1,0,0,56,162,0,21,0,0,0,2,0,19,0,46,5,17,5,0,3,5,2,1,7,45,0,0,0,0,68,2,39,1,0,5,3,30,20,16,0,0,127,0,0,0,0,0,0,24,48,6,0,4,11,132,0,3,0,0,20,11,4,0,0,19,0,0,1,0,1,0,4
"scc",0,1,18,2,9,17,0,2,0,302,8,1,0,3,0,0,0,0,0,0,38,0,0,3,0,0,40,101,0,3,0,0,0,2,2,7,0,31,10,3,2,0,5,1,0,0,2,19,0,0,0,0,6,0,11,1,0,4,0,21,5,6,2,0,112,0,0,1,0,0,0,90,40,24,0,0,1,49,0,1,0,0,19,1,0,0,0,10,0,1,0,0,0,0,3
"scs",0,10,280,139,87,79,22,62,0,6057,209,1,0,23,17,5,0,0,1,30,493,1,0,1,3,0,130,903,0,14,0,1,0,4,6,115,1,104,16,25,10,0,10,6,15,7,28,562,0,3,0,0,35,376,94,0,0,271,121,448,560,28,2,0,554,50,0,4,0,0,0,6382,4,50,0,36,1,2293,0,35,0,2,109,8,0,1,0,180,0,0,0,0,0,0,260
"sd",0,0,5,0,14,58,1,3,0,464,2,2,0,24,0,82,0,0,0,1,27,0,0,15,0,0,287,1099,0,0,0,0,0,3,0,1,0,116,7,3,7,0,6,2,0,3,0,205,0,0,0,0,6,0,46,3,0,25,2,26,6,4,0,0,49,4,0,0,0,0,0,7,554,79,0,4,16,150,0,1,0,0,19,24,4,0,0,4,0,0,0,1,0,0,1
"shania",0,9,3,8,9,23,3,0,0,568,16,1,0,3,2,2,0,0,0,7,183,0,0,2,1,0,9,949,1,11,0,0,0,68,1,17,0,51,1,9,0,2,6,2,2,14,4,225,0,0,0,3,33,19,133,1,0,0,264,794,437,18,3,3,7,5,0,0,0,0,0,7,5,7057,0,0,2,67,0,14,0,0,2,79,0,1,2,22,0,0,0,0,10,0,498
"sheldon",0,21,35,5,9,19,0,2,0,117,3,0,0,5,0,21,0,0,0,10,68,0,0,0,0,0,28,502,0,0,0,0,0,52,0,2,1,22,2,1,2,0,4,0,0,13,0,233,0,0,0,0,9,1,107,4,0,16,8,128,127,0,0,0,26,1,0,0,0,0,0,29,2,64,5,1,2,236,0,35,0,0,7,6,0,1,0,117,0,0,0,0,0,0,2
"six",0,9,37,76,33,14,1,46,0,452,1,8,0,20,1,7,0,0,0,3,55,0,0,0,0,0,112,482,0,2,0,0,0,0,0,34,0,5,19,5,1,0,9,2,1,2,7,365,0,0,0,0,51,0,28,0,0,397,0,109,5,69,1,0,146,5,0,8,0,0,0,54,0,0,0,150,0,1552,0,0,0,0,32,1,0,0,0,93,0,0,0,2,1,0,0
"snow",0,19,10,2,17,55,0,21,0,62,0,0,0,13,0,13,0,0,0,0,24,0,1,4,0,0,95,152,2,0,0,0,0,6,0,7,0,15,9,7,14,0,65,0,0,0,0,19,0,0,0,0,43,1,27,1,0,8,0,47,5,1,0,1,21,1,0,3,0,0,0,0,110,27,0,1,69,55,0,0,0,0,3,20,4,0,4,17,0,0,0,8,0,1,0
"son-of-ola",0,59,195,782,91,126,114,19,0,4769,194,0,0,284,8,50,2,0,1,279,423,0,0,3,1,0,512,5124,0,46,0,5,0,6,7,25,0,150,11,43,12,0,16,1,20,2,53,1157,0,1,0,0,619,77,250,4,0,783,2,186,51,100,1,0,413,44,0,24,0,0,0,560,34,5,1,166,30,10050,1,3,0,74,170,36,1,0,0,560,0,0,0,4,0,0,17
"sonofzaria",0,3,30,6,1,1,0,1,0,143,13,0,0,1,0,11,0,0,0,0,50,0,0,0,0,0,14,70,0,0,0,0,0,2,0,0,0,4,0,4,1,0,0,0,1,0,0,0,0,0,0,0,15,2,84,10,0,0,0,4,13,0,0,0,54,0,0,0,0,0,0,15,2,5,0,1,0,44,0,0,0,1,4,2,0,0,0,30,0,0,0,0,0,0,0
"speedster",0,61,218,20,16,58,1,3,0,521,3,0,0,73,0,30,0,0,0,61,279,0,0,0,1,0,40,917,0,0,0,1,0,192,0,2,0,54,2,4,1,0,12,0,5,77,2,168,0,0,0,10,24,10,64,4,0,19,225,265,235,4,1,0,19,3,0,0,0,0,0,63,24,272,1,3,4,133,0,335,0,7,42,16,0,0,3,226,0,0,0,1,3,2,6
"spiderman",0,1,6,2,17,1,0,6,0,115,13,2,0,0,0,7,0,0,0,0,15,0,0,3,0,0,96,131,0,1,0,0,0,0,0,1,0,5,0,9,1,0,0,0,0,0,0,15,0,0,0,0,28,0,28,2,0,10,0,17,6,4,0,0,40,0,0,0,0,0,0,0,16,5,0,3,1,60,0,0,0,0,2,4,1,0,0,12,0,0,0,2,0,0,1
"ss",0,2,1,0,0,1,0,1,0,232,0,0,0,1,1,12,0,0,0,2,120,0,3,1,0,0,7,223,0,1,0,0,0,10,1,5,0,52,0,0,3,0,0,0,0,11,0,56,0,1,0,0,6,5,4,0,0,0,23,31,60,3,0,0,3,0,0,0,0,0,0,1,0,30,0,0,1,14,0,10,0,113,4,5,0,2,0,26,0,0,0,0,0,0,1
"sss",0,114,391,85,28,130,7,29,0,8038,18,1,5,82,6,90,1,0,0,306,1420,0,6,15,1,1,226,3595,1,84,0,1,0,20,3,222,0,580,81,9,30,0,5,3,52,19,2,1851,0,1,0,0,295,37,475,2,0,320,132,686,460,8,0,0,633,90,0,21,0,0,0,267,90,37,3,4,17,1030,0,35,0,34,1012,7,0,0,0,946,0,0,2,2,1,0,29
"streblick",0,48,0,0,41,4,0,4,0,4,0,1,0,1,0,5,0,0,0,0,18,0,0,0,0,0,23,206,0,0,0,0,0,13,0,0,0,1,0,38,3,0,1,0,0,9,1,22,0,0,0,8,97,0,11,6,0,0,0,41,8,1,1,0,4,0,0,0,0,0,0,0,31,49,0,0,6,29,0,4,0,0,1,669,7,0,0,1,0,0,3,5,0,0,0
"thecount",0,4,0,2,11,4,0,0,0,3,2,0,0,0,1,0,0,0,0,2,0,0,0,0,0,0,10,37,0,0,0,0,0,3,0,0,0,3,0,1,0,0,0,1,0,0,0,4,0,0,0,0,13,1,25,2,0,1,0,6,1,0,1,0,0,0,0,0,0,0,0,0,12,29,0,0,1,5,0,0,0,0,0,23,2,0,1,2,0,0,3,1,0,0,0
"tiffany",0,4,3,0,6,9,0,2,0,30,0,1,0,1,0,0,0,0,0,15,53,0,0,0,0,0,2,38,0,1,0,0,0,1,0,61,0,5,3,0,0,0,2,0,2,20,0,2,0,0,0,0,5,1,3,0,0,0,6,36,342,0,0,0,5,0,0,0,0,0,0,2,0,40,0,0,0,3,0,4,0,0,5,4,0,22,0,10,0,1,0,0,12,0,14
"vampirella",0,2,0,0,5,12,0,0,0,6,0,0,0,1,0,5,0,0,0,0,7,0,0,0,0,0,11,101,0,0,0,0,0,19,0,0,0,3,1,1,0,0,3,0,0,1,0,4,0,0,0,0,13,0,8,0,0,0,0,24,10,0,0,0,2,0,0,0,0,0,0,0,27,58,0,0,4,22,0,2,0,0,1,25,0,0,5,5,0,0,1,0,0,0,0
"vampison",0,172,40,309,26,29,5,1,0,1135,29,0,0,31,2,23,0,0,0,1295,1043,0,3,0,0,0,29,1509,0,46,0,0,0,16,0,2,0,180,0,8,3,0,4,0,140,51,1,24,0,4,0,6,383,28,255,88,0,32,68,19,812,2,0,0,28,1,0,0,0,0,0,113,3,57,2,2,4,350,0,70,0,9,31,66,0,3,8,4632,0,0,1,2,5,0,14
"veronica",0,9,1,0,5,7,0,0,0,22,1,0,0,0,0,6,0,0,0,2,9,0,0,0,0,0,12,68,0,0,0,0,0,11,0,0,0,19,0,0,0,0,1,0,0,2,0,3,0,0,0,0,11,1,16,0,0,1,1,12,31,0,0,0,0,0,0,0,0,0,0,4,8,41,0,0,3,24,0,2,0,0,4,9,0,1,3,6,0,0,0,0,0,0,1
"vixen",0,65,15,3,4,162,2,22,1,619,0,9,0,23,1,4,0,0,1,41,598,1,0,2,0,2,69,421,2,24,0,0,0,21,3,41,0,33,29,1,2,0,84,0,8,55,24,51,0,1,0,0,19,46,17,1,0,8,45,236,772,37,0,0,47,1,0,18,0,0,0,14,0,26,0,1,33,36,0,26,0,5,35,12,0,10,0,109,0,4,0,1,7,0,21
"vlad",0,3,4,10,28,0,0,0,0,11,1,0,0,0,0,1,0,0,0,0,7,0,0,0,0,0,21,28,0,0,0,0,0,2,0,0,0,0,1,26,0,0,1,0,0,0,1,2,0,0,0,0,24,0,21,0,0,0,0,4,4,3,0,0,8,0,0,0,0,0,0,2,0,0,0,0,0,22,0,0,0,0,0,8,0,0,0,3,0,0,5,1,1,0,0
"war-machine",0,19,4,1,7,2,0,3,0,14,1,2,0,0,0,6,0,0,0,0,59,0,0,0,0,0,15,23,0,0,0,0,0,0,0,0,0,0,4,4,1,0,4,0,0,0,0,3,0,0,0,0,18,0,1,2,0,1,0,8,11,1,0,0,32,0,0,0,0,0,0,0,8,4,0,1,2,11,0,0,0,0,0,13,1,0,0,1,0,0,0,15,0,0,0
"winona",0,0,2,0,0,7,0,0,0,13,0,3,0,4,0,0,0,0,0,11,49,0,0,0,0,0,4,4,0,27,0,0,0,0,0,162,0,0,3,0,0,0,1,0,0,2,0,5,0,0,0,0,0,1,0,0,0,0,5,67,40,27,0,0,2,0,0,1,0,0,0,1,0,43,0,0,0,1,0,2,0,0,2,0,0,3,0,8,0,1,0,0,106,0,2
"zaria",0,1,66,50,64,21,3,7,0,308,7,12,0,11,1,20,0,0,0,46,79,0,0,3,0,0,49,345,0,3,0,0,0,49,0,5,0,64,4,28,5,0,10,2,4,17,3,48,0,0,0,2,42,4,84,6,0,5,44,182,119,16,0,3,19,0,0,0,0,0,0,80,37,125,1,0,4,215,0,26,0,0,19,32,7,0,1,70,2,0,0,0,2,2,16
"zelda",0,15,8,31,17,34,16,1,0,1187,34,6,0,11,3,0,0,0,0,23,285,1,0,0,0,0,5,171,0,17,0,0,0,6,7,40,0,92,4,16,0,0,19,2,0,9,63,49,0,0,0,0,2,65,39,1,0,2,463,643,1288,303,0,1,74,0,0,2,0,0,0,36,0,384,0,0,0,27,0,16,0,2,20,2,0,5,0,107,0,1,0,1,35,0,1528
